knr,d_post,d_plac,degd_post,degd_plac,n0,n1,n2,hytteandel,hytte_pp,kv
0301,6.30350276320339,-11.42883084380822,7.00540263997874,-20.652653836606124,7,7,7,0.00044355794847474646,0.04435579484747465,Q1 lav
1101,11.688978240795416,-7.872164178788825,9.041848591307081,-15.350315658096417,7,7,7,0.13882063882063883,13.882063882063884,Q2
1103,13.209100595613954,-7.311325617676591,7.527153969649378,-14.123631488657182,7,7,7,0.027954060429068853,2.7954060429068854,Q1 lav
1106,12.852635649710715,-7.266487418630825,7.911557822709522,-14.549527131043291,7,7,7,0.008113283612174964,0.8113283612174964,Q1 lav
1108,11.940114536989812,-6.286439260799696,4.673367852671598,-13.076620512385453,7,7,7,0.06312560122715337,6.312560122715337,Q1 lav
1111,12.945127407952468,-8.353127594570143,17.0326446981382,-11.731226254813468,7,7,7,0.16913946587537093,16.913946587537094,Q2
1112,12.177346246063701,-6.827132182382013,5.813989304413015,-13.480349558197574,7,7,7,0.22008547008547008,22.00854700854701,Q3
1114,13.638762403536678,-7.47172055798633,14.726778769663026,-11.900552033558519,7,7,7,0.40180078784468204,40.1800787844682,Q4 høy
1119,11.667478584123623,-6.155279418682824,8.070451126056527,-17.101835232451133,7,7,7,0.06472174552586418,6.472174552586418,Q1 lav
1120,10.945350204288276,-5.837021361036874,8.358651963285764,-14.369491350854476,7,7,7,0.020194274028629857,2.0194274028629855,Q1 lav
1121,13.420031090411118,-6.332243219094289,11.958417791217432,-21.676964166331796,7,7,7,0.0017139796464916979,0.1713979646491698,Q1 lav
1122,11.324974953886285,-6.314106318586448,18.27920587567889,-6.208672378879535,7,7,7,0.11345880681818182,11.345880681818182,Q2
1124,11.843434487110036,-5.4995236347313,7.675554187974259,-14.074127553507864,7,7,7,0.021818760949195732,2.181876094919573,Q1 lav
1127,11.61889117861075,-6.497014692307013,24.275106564521117,-10.024919229138668,7,7,7,0.025079617834394906,2.5079617834394905,Q1 lav
1130,12.198187173904754,-6.468059446342036,5.36730337394151,-11.877379068075685,7,7,7,0.19901687259200213,19.901687259200212,Q2
1133,11.936715361594917,-7.078706994767411,6.845176010080903,-13.986436388528281,7,7,7,0.42016460905349795,42.016460905349795,Q4 høy
1134,150.86877742152177,-7.945522206946832,6.419703939620837,-13.171532284137012,7,7,7,0.43707674943566593,43.707674943566595,Q4 høy
1135,11.573380052847575,-8.444397301513373,5.588996699022713,-13.106343263832343,7,7,7,0.22860635696821516,22.860635696821515,Q3
1144,10.641802976605039,-5.847267359057475,8.046012777784888,-14.26233446314592,7,7,7,0.2760084925690021,27.60084925690021,Q3
1145,11.170354162329375,-3.289252321500687,12.797868860533908,-12.858090948508849,7,7,7,0.3078034682080925,30.78034682080925,Q3
1146,11.725020056712443,-4.756198060091032,21.873909034790344,-7.0550441977400995,7,7,7,0.20078919411139778,20.07891941113978,Q2
1149,11.352397118729465,-6.197806502377231,8.0236922093563,-14.242727480376566,7,7,7,0.04328029141104295,4.328029141104295,Q1 lav
1151,15.52608229130383,-5.9282172076454875,7.716621604846012,-14.689825775327591,7,7,7,0.26666666666666666,26.666666666666668,Q3
1160,10.82552875941776,-5.15678419816016,6.116627978296539,-14.176563476734042,7,7,7,0.21737575974258133,21.73757597425813,Q3
3101,9.62984741315737,-11.75907703742685,13.29856626847301,-17.134233549601426,7,7,7,0.08879719647298213,8.879719647298213,Q2
3103,10.085167875646357,-10.92613625484332,10.024367010857818,-20.141278757746623,7,7,7,0.05871086556169429,5.871086556169429,Q1 lav
3105,19.21178303016066,-11.70546678036241,8.623789417576365,-21.987850767128975,7,7,7,0.0840446487196323,8.40446487196323,Q2
3107,10.003340443889037,-11.853848707956988,10.698053151633612,-22.070277757861806,7,7,7,0.093633379794074,9.363337979407401,Q2
3110,13.258375050123602,-13.235992737656016,10.12095052992385,-19.512630086057314,7,7,7,0.629080118694362,62.908011869436194,Q4 høy
3112,11.115659616205036,-10.954767498136125,8.349325847942971,-20.824554335148523,7,7,7,0.16804474708171208,16.804474708171206,Q2
3114,10.547459288837464,-9.468217973177733,22.642980573312386,-15.378889350335747,7,7,7,0.06116539992761491,6.116539992761491,Q1 lav
3116,12.672773949730665,-10.827857609690472,11.768287236265305,-20.00674216067149,7,7,7,0.16618773946360152,16.61877394636015,Q2
3118,9.495543318731846,-10.883480370647513,7.397027132991093,-20.87625206942169,7,7,7,0.05317596566523605,5.317596566523605,Q1 lav
3120,10.910421607222908,-7.263928067524715,7.572254873748058,-20.955801264789244,7,7,7,0.039470397202098426,3.9470397202098426,Q1 lav
3122,10.65793237078142,-12.807270353165725,16.723416045363212,-18.252628250325166,7,7,7,0.18576242628475148,18.57624262847515,Q2
3124,12.061821458856867,-13.225730926198647,15.719885729774086,-17.956455800596807,7,7,7,0.42113564668769715,42.11356466876971,Q4 høy
3201,6.547609051914054,-9.966039149638291,7.995732880475464,-18.704910773833884,7,7,7,0.0042819098013959726,0.4281909801395973,Q1 lav
3203,8.007099561880272,-9.80621043708023,7.2414152539808025,-19.19087919576306,7,7,7,0.07547991120010447,7.5479911200104475,Q1 lav
3205,7.393411386296229,-11.150641237857064,7.13243169943368,-21.68123436141632,7,7,7,0.006658595641646489,0.665859564164649,Q1 lav
3207,8.361889053663033,-10.045637884090091,10.819193848553239,-12.625852220626763,7,7,7,0.009306016447843023,0.9306016447843023,Q1 lav
3209,7.941278375585652,-8.940677356615833,5.633435681174579,-20.04408812743176,7,7,7,0.002698162195184035,0.2698162195184035,Q1 lav
3212,8.700801136721612,-10.86751895299238,9.655832220341205,-18.911121280215607,7,7,7,0.0805935098206661,8.05935098206661,Q2
3214,9.383561184245316,-10.596940855053504,9.655832220341205,-18.911121280215607,7,7,7,0.22454227525200576,22.454227525200576,Q3
3216,10.58576460353644,-9.317300162496553,14.815497287971066,-18.719609051074787,7,7,7,0.12382871536523929,12.382871536523929,Q2
3218,8.002499091862681,-9.457979707976278,6.578563579835849,-19.33564991652688,7,7,7,0.034384281471327396,3.43842814713274,Q1 lav
3220,8.10849683762195,-10.600545681108569,15.10491847073975,-20.614735889239174,7,7,7,0.11447492904446546,11.447492904446547,Q2
3222,7.941519255396214,-9.155738516040818,9.655832220341205,-18.911121280215607,7,7,7,0.0,0.0,Q1 lav
3224,8.192293442935929,-10.330750549000731,9.655832220341205,-18.911121280215607,7,7,7,0.005706134094151213,0.5706134094151213,Q1 lav
3226,9.057966744384432,-10.220557030406146,5.226208849725548,-19.892070055349766,7,7,7,0.09939973547665072,9.939973547665073,Q2
3228,7.937463127043472,-10.850994368204962,5.618933093668457,-20.84587074799276,7,7,7,0.03503873176004323,3.503873176004323,Q1 lav
3230,7.312644056825814,-10.703684679756158,9.655832220341205,-18.911121280215607,7,7,7,0.005748961992973491,0.5748961992973491,Q1 lav
3232,6.246924797082515,-10.205971329452652,2.0456008567382264,-15.544177147546833,7,7,7,0.014460304132848214,1.4460304132848214,Q1 lav
3234,6.932167288500753,-10.31695305761094,15.577109031147948,-18.235537707883367,7,7,7,0.17801538172950665,17.801538172950664,Q2
3236,6.994893538620511,-10.863517968755646,9.655832220341205,-18.911121280215607,7,7,7,0.0773277222514466,7.73277222514466,Q2
3238,7.1370907632168885,-8.556194611272016,6.424501458177173,-20.204018963694942,7,7,7,0.014372269973228125,1.4372269973228124,Q1 lav
3240,7.764177999187499,-9.892794709173328,7.78168452069086,-21.310586953779385,7,7,7,0.026564032903177118,2.6564032903177117,Q1 lav
3242,8.888142059207906,-9.0205213248166,9.655832220341205,-18.911121280215607,7,7,7,0.2764190124596216,27.64190124596216,Q3
3301,7.875507792770847,-10.46954489636628,5.161207207805445,-17.471989264710356,7,7,7,0.015142144638403991,1.5142144638403991,Q1 lav
3303,9.22488927458353,-10.251855975059017,5.163271594106058,-16.855247290073923,7,7,7,0.12166894177696005,12.166894177696005,Q2
3305,8.120780268551078,-9.854635602319883,5.722356609815755,-19.1555368694984,7,7,7,0.10061465197408494,10.061465197408493,Q2
3310,9.693889682054788,-10.002445601506125,11.318823018134637,-19.159111203336895,7,7,7,0.1529051987767584,15.29051987767584,Q2
3312,8.421493438570375,-10.782265719862473,5.783307423537549,-19.270476996900012,7,7,7,0.009892012200148381,0.9892012200148381,Q1 lav
3314,9.108555828784231,-9.430180493613053,3.6175069691562216,-16.531021096741803,7,7,7,0.014590347923681257,1.4590347923681257,Q1 lav
3316,9.413795538443162,-9.165913314058258,0.04208501234484338,-18.610284693652083,7,7,7,0.03830296581992286,3.830296581992286,Q1 lav
3318,11.172916398285231,-11.069744158315057,16.863819317538027,-21.925227813656132,7,7,7,0.6481829573934837,64.81829573934837,Q4 høy
3320,13.531827164867364,-9.630199573187102,6.882967409137882,-17.633351494933198,7,7,7,0.7612928348909658,76.12928348909658,Q4 høy
3322,10.654622799665237,-10.033443599899226,5.20406610912549,-15.434172880133326,7,7,7,0.6615947611710323,66.15947611710324,Q4 høy
3324,11.457763031475833,-9.812389486045053,15.888702459997054,-16.67882834276561,7,7,7,0.504444005530318,50.4444005530318,Q4 høy
3326,20.482826723675196,-8.134131660598813,11.776855174004803,-16.987378033025006,7,7,7,0.7120359955005624,71.20359955005624,Q4 høy
3328,12.913780879806833,-10.64731986584187,10.368479198674496,-17.393010603965354,7,7,7,0.5270626393675248,52.706263936752485,Q4 høy
3330,14.965505998287293,-10.315020942049223,9.202962043362488,-17.550110497511433,7,7,7,0.731127088179319,73.1127088179319,Q4 høy
3332,10.816190547003893,-11.711741174350708,0.08942887759963689,-7.7495733847845045,7,7,7,0.6979500320307496,69.79500320307496,Q4 høy
3334,11.345601745337142,-12.212000590177198,4.105715875691314,-16.893278446136716,7,7,7,0.7023782036481182,70.23782036481182,Q4 høy
3336,11.690205701485123,-11.861191568029955,8.197204626790864,-17.81891112618513,7,7,7,0.7243940578577013,72.43940578577013,Q4 høy
3338,10.965899499182939,-8.681494757143154,2.273020412387048,-19.54292179271971,7,7,7,0.6856043458578542,68.56043458578543,Q4 høy
3401,7.177818096520118,-11.959363210157376,4.381002636072333,-20.40737814413168,7,7,7,0.06166433845539812,6.166433845539812,Q1 lav
3403,5.852187122455485,-10.307331969847471,2.046756158514368,-17.849756948476067,7,7,7,0.019282774838330394,1.9282774838330394,Q1 lav
3405,6.9154468933709285,-9.343394611024708,4.2371373809093305,-16.94922161460658,7,7,7,0.06770598466791213,6.7705984667912125,Q1 lav
3407,6.57290474202447,-10.157769374761614,7.838503822462019,-2.491327999432612,7,7,7,0.03031639984873314,3.031639984873314,Q1 lav
3411,8.427802111898412,-9.738171532198175,7.6138032938510545,-16.54748991281795,7,7,7,0.26452166452166453,26.452166452166452,Q3
3412,7.285261885866093,-9.321779279148931,2.460459429912368,-11.39962387518466,7,7,7,0.24027552674230146,24.027552674230147,Q3
3413,7.1750465959912715,-10.72651761245292,2.9096600719348595,-11.001414471005704,7,7,7,0.0752453653217012,7.52453653217012,Q1 lav
3414,6.280974475248718,-10.104194474428816,4.186603301796303,-20.08233210310457,7,7,7,0.1734012090359529,17.34012090359529,Q2
3415,7.73184536346475,-11.300424641575251,8.148506658753197,-14.91874980022801,7,7,7,0.09875141884222474,9.875141884222474,Q2
3416,7.6825650880672836,-11.217381398200397,-12.341562975295295,-5.76825366013349,7,7,7,0.14688818565400844,14.688818565400844,Q2
3417,8.005815087850479,-12.759458233086441,8.393307523310781,-14.640543728254722,7,7,7,0.15593331153971887,15.593331153971887,Q2
3418,6.32364163984296,-11.201882141788033,3.03539076492458,-18.9786477030168,7,7,7,0.07058823529411765,7.0588235294117645,Q1 lav
3419,5.806053724781086,-12.263766682394971,8.148506658753197,-14.91874980022801,7,7,7,0.07699530516431925,7.699530516431925,Q2
3420,4.259645849333172,-9.336652206692541,1.693807166192118,-10.17672731931512,7,7,7,0.016854956268221574,1.6854956268221575,Q1 lav
3421,6.618777396903372,-9.933538345805532,7.731522416987597,-17.354031044767883,7,7,7,0.5790528928776016,57.90528928776016,Q4 høy
3422,4.988531475258743,-9.580285557283041,7.213214683957174,-17.235138447410474,7,7,7,0.3872572240644244,38.72572240644244,Q3
3423,7.913479246999315,-11.13178307804402,3.167103343848147,-18.41578671031842,7,7,7,0.4011177987962167,40.111779879621665,Q4 høy
3424,3.584022497982425,-10.257536383677177,10.298454234486194,-12.728667970205365,7,7,7,0.43680709534368073,43.68070953436807,Q4 høy
3425,9.72197400350712,-12.235116619837317,5.4654523505441155,-18.21915684927187,7,7,7,0.5763172189027702,57.63172189027702,Q4 høy
3426,-5.282840864792561,-8.403455052687866,10.924705236503643,-9.00434536463609,7,7,7,0.3500511770726714,35.00511770726714,Q3
3427,3.6499491714307135,-8.771075253374729,7.122343693102404,-17.60759241553072,7,7,7,0.30739081746920494,30.739081746920494,Q3
3428,2.4984199018012587,-9.617941418308249,5.7364998801963925,-18.552682291798792,7,7,7,0.2214663643235072,22.146636432350718,Q3
3429,-2.6977225694762845,-10.911814766705948,12.860691649781062,-17.726808699361694,7,7,7,0.37281910009182734,37.28191000918273,Q3
3430,0.5121475698342408,-9.994170280847714,22.778713446104835,-24.422448661678256,7,7,7,0.44996642041638685,44.99664204163869,Q4 høy
3436,7.163458800124121,-8.484635508340116,8.818921662580756,-16.21371585654836,7,7,7,0.36820446177171323,36.82044617717132,Q3
3438,9.136421224089442,-8.029392327134422,8.148506658753197,-14.91874980022801,7,7,7,0.5485556238475722,54.85556238475722,Q4 høy
3439,9.55657699056182,-8.43766446066076,6.5676227469539885,-14.672765052880116,7,7,7,0.65317447364126,65.317447364126,Q4 høy
3440,11.226634756082845,-9.115138489501621,6.902474771503353,-12.748082213172015,7,7,7,0.6565825478868957,65.65825478868958,Q4 høy
3441,9.89491950757015,-8.764882087448619,6.15666263569291,-16.836710246830293,7,7,7,0.46109459695751004,46.109459695751006,Q4 høy
3442,7.839551356755649,-11.571894003517198,5.440021742190681,-19.690535952158957,7,7,7,0.028695770433836528,2.8695770433836527,Q1 lav
3443,7.699207498320583,-10.806925691954211,11.521617575370675,-18.97074491935374,7,7,7,0.03564328315819369,3.564328315819369,Q1 lav
3446,7.398901952754862,-10.750895608382589,2.8917338350167787,-16.207745393356316,7,7,7,0.15352315969032934,15.352315969032935,Q2
3447,5.9930652674675855,-10.819411198225469,8.148506658753197,-14.91874980022801,7,7,7,0.23237311385459533,23.237311385459535,Q3
3448,6.055276236131514,-8.654601812974658,6.717560482661843,-16.358722962538497,7,7,7,0.3620689655172414,36.206896551724135,Q3
3449,10.159234562161696,-10.600680120395982,9.635676353677512,-14.993285194025335,7,7,7,0.5404040404040404,54.04040404040404,Q4 høy
3450,10.544889426423659,-10.153468882094462,8.148506658753197,-14.91874980022801,7,7,7,0.7214938418752483,72.14938418752483,Q4 høy
3451,12.284381357670092,-11.194955895200005,5.102378101765572,-16.99949166704936,7,7,7,0.5403002477772919,54.03002477772919,Q4 høy
3452,12.644703586485132,-10.142746975072445,8.148506658753197,-14.91874980022801,7,7,7,0.7295903752506445,72.95903752506445,Q4 høy
3453,13.202972042562747,-10.920926690157035,8.94102042185141,-16.348568888205424,7,7,7,0.7184522652148552,71.84522652148551,Q4 høy
3454,13.275679620546487,-7.792889186332603,7.037203858090063,-14.345698959027114,7,7,7,0.7233333333333334,72.33333333333334,Q4 høy
3901,9.548674524745742,-11.53140894484932,6.967427428220577,-18.937777744906963,7,7,7,0.028118609406952964,2.8118609406952966,Q1 lav
3903,9.54672792027514,-9.759638849874557,6.301623605686811,-17.96613668135035,7,7,7,0.09589139491452378,9.589139491452379,Q2
3905,9.733528246248586,-10.774209235646344,8.914207487752556,-19.68815142681516,7,7,7,0.011790484140233723,1.1790484140233723,Q1 lav
3907,10.26280796684305,-11.60624184090255,8.194933261484149,-20.26410507795239,7,7,7,0.07662823593830803,7.662823593830803,Q2
3909,10.878527144210205,-12.257977961579744,8.42738168812322,-18.676389029571432,7,7,7,0.1711750393588092,17.117503935880922,Q2
3911,10.965148183957263,-12.130832687348224,9.72245423389069,-20.509696381780568,7,7,7,0.2073238738459632,20.732387384596322,Q2
4001,9.054394065073671,-9.693092420010816,8.001273896359184,-18.75613321097422,7,7,7,0.06442047139424306,6.442047139424306,Q1 lav
4003,7.589431031870494,-8.835097601257306,3.937679487798907,-14.32848094019177,7,7,7,0.01992271969938672,1.9922719699386722,Q1 lav
4005,9.14511789940471,-7.135873188376725,-1.0167720138502196,-13.19891788366603,7,7,7,0.092366628830874,9.2366628830874,Q2
4010,9.09669936827115,-8.802621599911928,5.958452798695036,-13.169544635164886,7,7,7,0.13254901960784313,13.254901960784313,Q2
4012,10.47362995809071,-10.884038120279389,6.01435018883566,3.5345288758849867,7,7,7,0.25611086861632476,25.611086861632476,Q3
4014,11.037782750492541,-11.764897069840197,9.873146321671689,-20.16222266912045,7,7,7,0.3977446901686008,39.77446901686008,Q4 høy
4016,9.915349088898354,-7.91097125648733,10.972301047248886,-5.955086253236276,7,7,7,0.4142487790864694,41.42487790864694,Q4 høy
4018,7.818729665235355,-6.965860917582709,-5.5309540389729,-1.2716354944673953,7,7,7,0.05866152575048196,5.866152575048196,Q1 lav
4020,8.178590850413746,-7.100902724044788,10.626007907202839,-19.131606307579226,7,7,7,0.1576284584980237,15.762845849802371,Q2
4022,10.54277678690866,-7.359340295804535,17.728287409267704,1.2528706944284227,7,7,7,0.3164905833716123,31.64905833716123,Q3
4024,11.352127577874095,-10.393543005909835,0.5187733170440595,-7.5631831198301125,7,7,7,0.6948955916473318,69.48955916473318,Q4 høy
4026,9.008434865522045,-10.43070775468062,7.80281187912813,-13.466814671363437,7,7,7,0.4780376497432972,47.803764974329724,Q4 høy
4028,9.977198340445023,-7.050397784178107,-1.0134842605633372,-13.169544635164886,7,7,7,0.4645608628659476,46.45608628659476,Q4 høy
4030,12.906998048102425,-10.837837938606317,6.966890819314051,-16.37991959942028,7,7,7,0.7461054027179317,74.61054027179317,Q4 høy
4032,11.996745283963337,-8.424737939978161,6.817215593148762,-2.5724785593406283,7,7,7,0.5154483798040693,51.54483798040693,Q4 høy
4034,10.209232269787915,-10.066307840799315,3.119683742238857,-13.127907610344474,7,7,7,0.3904361534419338,39.04361534419338,Q4 høy
4036,13.37660414066243,-10.949357161201178,9.511097778352342,-16.900128892165025,7,7,7,0.7509912767644726,75.09912767644727,Q4 høy
4201,11.906281157603843,-12.330261218594224,9.503639027893863,-12.993039851130078,7,7,7,0.3156297420333839,31.56297420333839,Q3
4202,13.002787774022506,-9.942008548196855,8.208502881462184,-19.275025877462713,7,7,7,0.0941340134477162,9.41340134477162,Q2
4203,11.451815268285761,-11.693616502953525,10.272787144080706,-19.914132638653363,7,7,7,0.07854209445585215,7.854209445585216,Q2
4204,12.29956030726702,-9.976966218437019,7.638360073024058,-17.328381706927917,7,7,7,0.05803586562256348,5.803586562256348,Q1 lav
4205,12.480944483151582,-10.123985714757879,10.051265264069254,-19.09586909777266,7,7,7,0.2509809050483913,25.09809050483913,Q3
4206,13.719899765533825,-9.702510300407903,9.05094364931413,-14.699431593049903,7,7,7,0.21577691619445272,21.57769161944527,Q3
4207,12.722630556916851,-8.00051016789497,7.119599240095388,-7.676407374542241,7,7,7,0.20195121951219513,20.195121951219512,Q2
4211,9.65063562643231,-6.893845945454115,1.9535735034593524,-12.806558327807243,7,7,7,0.10537190082644628,10.537190082644628,Q2
4212,10.13870064754812,-7.8057622940115365,9.503639027893863,-12.993039851130078,7,7,7,0.31057124097176625,31.057124097176626,Q3
4213,11.88967275813846,-11.076233592817953,9.36091576860662,-20.482710146480564,7,7,7,0.3181730953751679,31.817309537516792,Q3
4214,10.928834877334916,-8.349298810169586,8.644785146319768,-19.28796927828463,7,7,7,0.1521219366407651,15.212193664076509,Q2
4215,12.684059551882273,-10.12179165381945,7.635630471301965,-10.121148832533407,7,7,7,0.2297543859649123,22.97543859649123,Q3
4216,11.04398085075418,-8.52335016515684,9.765979637455844,-12.993039851130078,7,7,7,0.1285444234404537,12.854442344045369,Q2
4217,11.513456911922797,-8.61669346467573,6.725556059807597,-17.969275999252492,7,7,7,0.2778581765557164,27.785817655571638,Q3
4218,10.326017517146994,-5.153804270541805,9.503639027893863,-12.993039851130078,7,7,7,0.2127659574468085,21.27659574468085,Q2
4219,9.866381557627767,-8.503444479964296,5.581962869736045,-11.335065472169006,7,7,7,0.37677803506450547,37.677803506450545,Q3
4220,9.554222316912687,-6.1381950358085255,6.73845664396393,-16.41923693799081,7,7,7,0.33153638814016173,33.153638814016176,Q3
4221,12.159742448166783,-4.553722571315139,4.846327156495332,-12.28169307450981,7,7,7,0.5158730158730159,51.587301587301596,Q4 høy
4222,11.947159276148529,-7.921389985609714,7.433493072224792,-14.391455810849358,7,7,7,0.8416491596638656,84.16491596638656,Q4 høy
4223,11.270518065005499,-6.766313112115991,14.497889708878736,-11.340347867636554,7,7,7,0.016320267819779608,1.6320267819779608,Q1 lav
4224,15.299740946895621,-11.993243303506773,6.306197721705782,-14.242675021039405,7,7,7,0.8338635560268646,83.38635560268645,Q4 høy
4225,12.186358320476355,-8.097473461792172,6.45507711605401,-14.735156392628095,7,7,7,0.2684458398744113,26.84458398744113,Q3
4226,12.716960821493615,-5.6821642347890515,9.503639027893863,-12.993039851130078,7,7,7,0.3491704374057315,34.91704374057315,Q3
4227,11.690187029690545,-8.237656904437316,14.502634607115949,-15.458445872789554,7,7,7,0.2575505350772889,25.755053507728892,Q3
4228,13.31887802058671,-10.875668696417685,4.762940438022058,-13.278437746181712,7,7,7,0.8018018018018018,80.18018018018019,Q4 høy
4601,9.192405194657015,-6.675333404587564,8.474449912038056,-13.912116698001729,7,7,7,0.008096412451723977,0.8096412451723977,Q1 lav
4611,11.34106589130387,-6.783800178149385,7.204241545884978,-14.024515896842049,7,7,7,0.2740237691001698,27.40237691001698,Q3
4612,11.88524515028565,-4.995021052013781,7.286388794206931,-15.274626233950833,7,7,7,0.31340108721342474,31.340108721342474,Q3
4613,11.427336919002926,-5.02721764912158,6.730502554381728,-13.342920292629056,7,7,7,0.27307455329636476,27.307455329636475,Q3
4614,11.244104811702666,-5.654234577108709,6.531196794832194,-12.797167571276042,7,7,7,0.030803822372119167,3.0803822372119165,Q1 lav
4615,11.07957909634014,-3.6441798952238487,7.701827673820759,-12.253978178987298,7,7,7,0.3166189111747851,31.661891117478508,Q3
4616,11.358608357724467,-4.898169973158528,7.701827673820759,-12.253978178987298,7,7,7,0.38169147925245483,38.16914792524548,Q3
4617,12.130868124950348,-4.446088601876131,3.652881570608816,-11.955620549785875,7,7,7,0.20058651026392962,20.058651026392962,Q2
4618,24.346057624885358,-6.665990041032248,6.448531691314326,-12.854154565576446,7,7,7,0.28068571428571426,28.068571428571428,Q3
4619,39.07447248150404,-7.426460241614848,7.050760822854405,-14.09831082528622,7,7,7,0.7162017167381974,71.62017167381974,Q4 høy
4620,7.8045472543551515,-6.7600654702478655,7.5804369759361405,-15.16121543128562,7,7,7,0.34015927189988626,34.01592718998862,Q3
4621,10.587845131537566,-7.150194413296729,3.342599539902287,-12.057512634449784,7,7,7,0.32783381774662335,32.78338177466233,Q3
4622,8.622825238375327,-6.003606779644965,3.626464164722212,-11.261603399943606,7,7,7,0.3907960935187925,39.07960935187925,Q4 høy
4623,9.638615992504192,-5.881402811363085,2.2902067688127645,-1.5787531575298934,7,7,7,0.31875658587987354,31.875658587987353,Q3
4624,9.169531635633588,-4.855903213310195,6.911180122288664,-13.866190278428551,7,7,7,0.13856237087696802,13.856237087696801,Q2
4625,10.54720944639342,-3.35156182677757,6.404792996538106,-13.125971289858896,7,7,7,0.36955445544554455,36.95544554455446,Q3
4626,9.091742429206203,-4.30456378080858,7.649085278148873,-5.178874206673274,7,7,7,0.15774180157741802,15.774180157741801,Q2
4627,7.8547828846889685,-3.705273749974852,7.701827673820759,-12.253978178987298,7,7,7,0.07629629629629629,7.629629629629629,Q1 lav
4628,10.288841053257656,-7.01868405041113,5.8592546209316385,-14.29946935709126,7,7,7,0.22504604051565377,22.504604051565376,Q3
4629,0.6153488548817438,-10.72591367601812,5.01160323679127,-12.507428171077878,7,7,7,0.4215686274509804,42.15686274509804,Q4 høy
4630,9.022866661022343,-6.369741198930451,7.701827673820759,-12.253978178987298,7,7,7,0.14204045734388743,14.204045734388743,Q2
4631,8.805250580254963,-4.718268665501291,-2.6913955696579537,2.125832986291349,7,7,7,0.18203925655723466,18.203925655723467,Q2
4632,10.02014209339239,-4.180080618695485,7.701827673820759,-12.253978178987298,7,7,7,0.2266604737575476,22.66604737575476,Q3
4633,9.545056826700588,-2.8667312322638177,5.186781635877689,-13.886861889100837,7,7,7,0.2977867203219316,29.77867203219316,Q3
4634,10.194777030131391,-8.430974666699383,7.701827673820759,-12.253978178987298,7,7,7,0.3795103092783505,37.95103092783505,Q3
4635,10.271052988051341,-7.101003533610328,6.189246218109615,-15.812890043610462,7,7,7,0.4670261302364164,46.70261302364164,Q4 høy
4636,4.818303990361301,-1.9013724194879666,7.701827673820759,-12.253978178987298,7,7,7,0.4050632911392405,40.50632911392405,Q4 høy
4638,19.300542148975726,-6.927274125795684,2.4589878382304136,-15.684891029365259,7,7,7,0.22615219721329047,22.615219721329048,Q3
4639,12.922725202646198,-6.783210685621607,2.4221803220079647,-11.536883666160659,7,7,7,0.1646376811594203,16.463768115942027,Q2
4640,6.2624063413471545,-6.141549283263552,4.356494942335396,-13.487858190903154,7,7,7,0.08673469387755102,8.673469387755102,Q2
4641,7.801236815495442,-6.9403406659453974,5.1360958007465,-13.881894897343134,7,7,7,0.21683673469387754,21.683673469387756,Q3
4642,7.238104918372019,-5.87718912882695,3.5161366298817636,-12.647274964224007,7,7,7,0.21618282890673254,21.618282890673253,Q3
4643,3.4858055372156547,-7.343818564175953,8.135119442268573,-12.469516153377699,7,7,7,0.12946708463949844,12.946708463949843,Q2
4644,8.153728033963908,-5.565303066864016,4.186977848412976,-11.514119132032073,7,7,7,0.1720554272517321,17.20554272517321,Q2
