knr,kommune,fylke,prisomrade,pa_kilde,pa_nve,n_omrader
0301,Oslo,03,NO1,fylke=nve,NO1,1.0
1101,Eigersund,11,NO2,fylke=nve,NO2,1.0
1103,Stavanger,11,NO2,fylke=nve,NO2,1.0
1106,Haugesund,11,NO2,fylke,,
1108,Sandnes,11,NO2,fylke=nve,NO2,1.0
1111,Sokndal,11,NO2,fylke=nve,NO2,1.0
1112,Lund,11,NO2,fylke=nve,NO2,1.0
1114,Bjerkreim,11,NO2,fylke=nve,NO2,1.0
1119,Hå,11,NO2,fylke=nve,NO2,1.0
1120,Klepp,11,NO2,fylke,,
1121,Time,11,NO2,fylke,,
1122,Gjesdal,11,NO2,fylke=nve,NO2,1.0
1124,Sola,11,NO2,fylke,,
1127,Randaberg,11,NO2,fylke,,
1130,Strand,11,NO2,fylke=nve,NO2,1.0
1133,Hjelmeland,11,NO2,fylke=nve,NO2,1.0
1134,Suldal,11,NO2,fylke=nve,NO2,1.0
1135,Sauda,11,NO2,fylke=nve,NO2,1.0
1144,Kvitsøy,11,NO2,fylke,,
1145,Bokn,11,NO2,fylke,,
1146,Tysvær,11,NO2,fylke=nve,NO2,1.0
1149,Karmøy,11,NO2,fylke,,
1151,Utsira,11,NO2,fylke,,
1160,Vindafjord,11,NO2,fylke=nve,NO2,1.0
1505,Kristiansund,15,NO3,fylke,,
1506,Molde,15,NO3,fylke=nve,NO3,1.0
1508,Ålesund,15,NO3,fylke=nve,NO3,1.0
1511,Vanylven,15,NO3,fylke=nve,NO3,1.0
1514,Sande,15,NO3,fylke=nve,NO3,1.0
1515,Herøy,15,NO3,fylke,,
1516,Ulstein,15,NO3,fylke=nve,NO3,1.0
1517,Hareid,15,NO3,fylke=nve,NO3,1.0
1520,Ørsta,15,NO3,fylke=nve,NO3,1.0
1525,Stranda,15,NO3,fylke=nve,NO3,1.0
1528,Sykkylven,15,NO3,fylke=nve,NO3,1.0
1531,Sula,15,NO3,fylke=nve,NO3,1.0
1532,Giske,15,NO3,fylke=nve,NO3,1.0
1535,Vestnes,15,NO3,fylke=nve,NO3,1.0
1539,Rauma,15,NO3,fylke=nve,NO3,1.0
1547,Aukra,15,NO3,fylke,,
1554,Averøy,15,NO3,fylke,,
1557,Gjemnes,15,NO3,fylke=nve,NO3,1.0
1560,Tingvoll,15,NO3,fylke=nve,NO3,1.0
1563,Sunndal,15,NO3,fylke=nve,NO3,1.0
1566,Surnadal,15,NO3,fylke=nve,NO3,1.0
1573,Smøla,15,NO3,fylke,,
1576,Aure,15,NO3,fylke=nve,NO3,1.0
1577,Volda,15,NO3,fylke=nve,NO3,1.0
1578,Fjord,15,NO3,fylke=nve,NO3,1.0
1579,Hustadvika,15,NO3,fylke=nve,NO3,1.0
1580,Haram,15,NO3,fylke=nve,NO3,1.0
1804,Bodø,18,NO4,fylke=nve,NO4,1.0
1806,Narvik,18,NO4,fylke=nve,NO4,1.0
1811,Bindal,18,NO4,fylke=nve,NO4,1.0
1812,Sømna,18,NO4,fylke,,
1813,Brønnøy,18,NO4,fylke=nve,NO4,1.0
1815,Vega,18,NO4,fylke,,
1816,Vevelstad,18,NO4,fylke,,
1818,Herøy,18,NO4,fylke,,
1820,Alstahaug,18,NO4,fylke,,
1822,Leirfjord,18,NO4,fylke=nve,NO4,1.0
1824,Vefsn,18,NO4,fylke=nve,NO4,1.0
1825,Grane,18,NO4,fylke=nve,NO4,1.0
1826,Aarborte,18,NO4,fylke,,
1827,Dønna,18,NO4,fylke,,
1828,Nesna,18,NO4,fylke=nve,NO4,1.0
1832,Hemnes,18,NO4,fylke=nve,NO4,1.0
1833,Rana,18,NO4,fylke=nve,NO4,1.0
1834,Lurøy,18,NO4,fylke=nve,NO4,1.0
1835,Træna,18,NO4,fylke,,
1836,Rødøy,18,NO4,fylke=nve,NO4,1.0
1837,Meløy,18,NO4,fylke=nve,NO4,1.0
1838,Gildeskål,18,NO4,fylke=nve,NO4,1.0
1839,Beiarn,18,NO4,fylke=nve,NO4,1.0
1840,Saltdal,18,NO4,fylke=nve,NO4,1.0
1841,Fauske,18,NO4,fylke=nve,NO4,1.0
1845,Sørfold,18,NO4,fylke=nve,NO4,1.0
1848,Steigen,18,NO4,fylke=nve,NO4,1.0
1851,Lødingen,18,NO4,fylke,,
1853,Evenes,18,NO4,fylke=nve,NO4,1.0
1856,Røst,18,NO4,fylke,,
1857,Værøy,18,NO4,fylke,,
1859,Flakstad,18,NO4,fylke=nve,NO4,1.0
1860,Vestvågøy,18,NO4,fylke=nve,NO4,1.0
1865,Vågan,18,NO4,fylke=nve,NO4,1.0
1866,Hadsel,18,NO4,fylke=nve,NO4,1.0
1867,Bø,18,NO4,fylke,,
1868,Øksnes,18,NO4,fylke,,
1870,Sortland,18,NO4,fylke=nve,NO4,1.0
1871,Andøy,18,NO4,fylke=nve,NO4,1.0
1874,Moskenes,18,NO4,fylke=nve,NO4,1.0
1875,Hábmer,18,NO4,fylke,,
3101,Halden,31,NO1,fylke=nve,NO1,1.0
3103,Moss,31,NO1,fylke=nve,NO1,1.0
3105,Sarpsborg,31,NO1,fylke=nve,NO1,1.0
3107,Fredrikstad,31,NO1,fylke,,
3110,Hvaler,31,NO1,fylke,,
3112,Råde,31,NO1,fylke,,
3114,Våler,31,NO1,fylke,,
3116,Skiptvet,31,NO1,fylke,,
3118,Indre Østfold,31,NO1,fylke=nve,NO1,1.0
3120,Rakkestad,31,NO1,fylke=nve,NO1,1.0
3122,Marker,31,NO1,fylke=nve,NO1,1.0
3124,Aremark,31,NO1,fylke=nve,NO1,1.0
3201,Bærum,32,NO1,fylke=nve,NO1,1.0
3203,Asker,32,NO1,fylke,,
3205,Lillestrøm,32,NO1,fylke=nve,NO1,1.0
3207,Nordre Follo,32,NO1,fylke,,
3209,Ullensaker,32,NO1,fylke,,
3212,Nesodden,32,NO1,fylke,,
3214,Frogn,32,NO1,fylke,,
3216,Vestby,32,NO1,fylke,,
3218,Ås,32,NO1,fylke,,
3220,Enebakk,32,NO1,fylke=nve,NO1,1.0
3222,Lørenskog,32,NO1,fylke,,
3224,Rælingen,32,NO1,fylke,,
3226,Aurskog-Høland,32,NO1,fylke=nve,NO1,1.0
3228,Nes,32,NO1,fylke=nve,NO1,1.0
3230,Gjerdrum,32,NO1,fylke=nve,NO1,1.0
3232,Nittedal,32,NO1,fylke=nve,NO1,1.0
3234,Lunner,32,NO1,fylke,,
3236,Jevnaker,32,NO1,fylke=nve,NO1,1.0
3238,Nannestad,32,NO1,fylke,,
3240,Eidsvoll,32,NO1,fylke=nve,NO1,1.0
3242,Hurdal,32,NO1,fylke=nve,NO1,1.0
3301,Drammen,33,NO1,fylke=nve,NO1,1.0
3303,Kongsberg,33,NO1,fylke,flere,2.0
3305,Ringerike,33,NO1,fylke=nve,NO1,1.0
3310,Hole,33,NO1,fylke,,
3312,Lier,33,NO1,fylke=nve,NO1,1.0
3314,Øvre Eiker,33,NO1,fylke=nve,NO1,1.0
3316,Modum,33,NO1,fylke=nve,NO1,1.0
3318,Krødsherad,33,NO1,fylke,,
3320,Flå,33,NO5,nve,NO5,1.0
3322,Nesbyen,33,NO5,nve,NO5,1.0
3324,Gol,33,NO5,nve,NO5,1.0
3326,Hemsedal,33,NO5,nve,NO5,1.0
3328,Ål,33,NO5,nve,NO5,1.0
3330,Hol,33,NO5,nve,NO5,1.0
3332,Sigdal,33,NO1,fylke=nve,NO1,1.0
3334,Flesberg,33,NO1,fylke=nve,NO1,1.0
3336,Rollag,33,NO1,fylke=nve,NO1,1.0
3338,Nore og Uvdal,33,NO1,fylke,flere,2.0
3401,Kongsvinger,34,NO1,fylke=nve,NO1,1.0
3403,Hamar,34,NO1,fylke,,
3405,Lillehammer,34,NO1,fylke=nve,NO1,1.0
3407,Gjøvik,34,NO1,fylke=nve,NO1,1.0
3411,Ringsaker,34,NO1,fylke=nve,NO1,1.0
3412,Løten,34,NO1,fylke,,
3413,Stange,34,NO1,fylke,,
3414,Nord-Odal,34,NO1,fylke=nve,NO1,1.0
3415,Sør-Odal,34,NO1,fylke,,
3416,Eidskog,34,NO1,fylke,,
3417,Grue,34,NO1,fylke,,
3418,Åsnes,34,NO1,fylke=nve,NO1,1.0
3419,Våler,34,NO1,fylke=nve,NO1,1.0
3420,Elverum,34,NO1,fylke=nve,NO1,1.0
3421,Trysil,34,NO1,fylke=nve,NO1,1.0
3422,Åmot,34,NO1,fylke=nve,NO1,1.0
3423,Stor-Elvdal,34,NO1,fylke=nve,NO1,1.0
3424,Rendalen,34,NO1,fylke=nve,NO1,1.0
3425,Engerdal,34,NO1,fylke=nve,NO1,1.0
3426,Tolga,34,NO1,fylke=nve,NO1,1.0
3427,Tynset,34,NO1,fylke,flere,2.0
3428,Alvdal,34,NO1,fylke=nve,NO1,1.0
3429,Folldal,34,NO1,fylke=nve,NO1,1.0
3430,Os,34,NO1,fylke=nve,NO1,1.0
3431,Dovre,34,NO3,nve,NO3,1.0
3432,Lesja,34,NO3,nve,NO3,1.0
3433,Skjåk,34,NO3,nve,NO3,1.0
3434,Lom,34,NO3,nve,NO3,1.0
3435,Vågå,34,NO3,nve,NO3,1.0
3436,Nord-Fron,34,NO1,fylke=nve,NO1,1.0
3437,Sel,34,NO3,nve,NO3,1.0
3438,Sør-Fron,34,NO1,fylke=nve,NO1,1.0
3439,Ringebu,34,NO1,fylke=nve,NO1,1.0
3440,Øyer,34,NO1,fylke=nve,NO1,1.0
3441,Gausdal,34,NO1,fylke=nve,NO1,1.0
3442,Østre Toten,34,NO1,fylke,,
3443,Vestre Toten,34,NO1,fylke=nve,NO1,1.0
3446,Gran,34,NO1,fylke=nve,NO1,1.0
3447,Søndre Land,34,NO1,fylke=nve,NO1,1.0
3448,Nordre Land,34,NO1,fylke=nve,NO1,1.0
3449,Sør-Aurdal,34,NO1,fylke=nve,NO1,1.0
3450,Etnedal,34,NO1,fylke,,
3451,Nord-Aurdal,34,NO1,fylke,flere,2.0
3452,Vestre Slidre,34,NO1,fylke=nve,NO1,1.0
3453,Øystre Slidre,34,NO1,fylke=nve,NO1,1.0
3454,Vang,34,NO1,fylke=nve,NO1,1.0
3901,Horten,39,NO2,fylke,,
3903,Holmestrand,39,NO2,fylke=nve,NO2,1.0
3905,Tønsberg,39,NO2,fylke,,
3907,Sandefjord,39,NO2,fylke,,
3909,Larvik,39,NO2,fylke=nve,NO2,1.0
3911,Færder,39,NO2,fylke,,
4001,Porsgrunn,40,NO2,fylke,,
4003,Skien,40,NO2,fylke=nve,NO2,1.0
4005,Notodden,40,NO2,fylke=nve,NO2,1.0
4010,Siljan,40,NO2,fylke=nve,NO2,1.0
4012,Bamble,40,NO2,fylke=nve,NO2,1.0
4014,Kragerø,40,NO2,fylke=nve,NO2,1.0
4016,Drangedal,40,NO2,fylke=nve,NO2,1.0
4018,Nome,40,NO2,fylke=nve,NO2,1.0
4020,Midt-Telemark,40,NO2,fylke=nve,NO2,1.0
4022,Seljord,40,NO2,fylke=nve,NO2,1.0
4024,Hjartdal,40,NO2,fylke=nve,NO2,1.0
4026,Tinn,40,NO2,fylke=nve,NO2,1.0
4028,Kviteseid,40,NO2,fylke=nve,NO2,1.0
4030,Nissedal,40,NO2,fylke=nve,NO2,1.0
4032,Fyresdal,40,NO2,fylke=nve,NO2,1.0
4034,Tokke,40,NO2,fylke=nve,NO2,1.0
4036,Vinje,40,NO2,fylke=nve,NO2,1.0
4201,Risør,42,NO2,fylke=nve,NO2,1.0
4202,Grimstad,42,NO2,fylke=nve,NO2,1.0
4203,Arendal,42,NO2,fylke,,
4204,Kristiansand,42,NO2,fylke=nve,NO2,1.0
4205,Lindesnes,42,NO2,fylke=nve,NO2,1.0
4206,Farsund,42,NO2,fylke,,
4207,Flekkefjord,42,NO2,fylke=nve,NO2,1.0
4211,Gjerstad,42,NO2,fylke=nve,NO2,1.0
4212,Vegårshei,42,NO2,fylke,,
4213,Tvedestrand,42,NO2,fylke=nve,NO2,1.0
4214,Froland,42,NO2,fylke=nve,NO2,1.0
4215,Lillesand,42,NO2,fylke,,
4216,Birkenes,42,NO2,fylke=nve,NO2,1.0
4217,Åmli,42,NO2,fylke=nve,NO2,1.0
4218,Iveland,42,NO2,fylke=nve,NO2,1.0
4219,Evje og Hornnes,42,NO2,fylke=nve,NO2,1.0
4220,Bygland,42,NO2,fylke=nve,NO2,1.0
4221,Valle,42,NO2,fylke=nve,NO2,1.0
4222,Bykle,42,NO2,fylke=nve,NO2,1.0
4223,Vennesla,42,NO2,fylke=nve,NO2,1.0
4224,Åseral,42,NO2,fylke=nve,NO2,1.0
4225,Lyngdal,42,NO2,fylke=nve,NO2,1.0
4226,Hægebostad,42,NO2,fylke=nve,NO2,1.0
4227,Kvinesdal,42,NO2,fylke=nve,NO2,1.0
4228,Sirdal,42,NO2,fylke=nve,NO2,1.0
4601,Bergen,46,NO5,fylke=nve,NO5,1.0
4602,Kinn,46,NO3,nve,NO3,1.0
4611,Etne,46,NO2,nve,NO2,1.0
4612,Sveio,46,NO2,unntak,,
4613,Bømlo,46,NO2,unntak,,
4614,Stord,46,NO2,nve,NO2,1.0
4615,Fitjar,46,NO2,nve,NO2,1.0
4616,Tysnes,46,NO2,nve,NO2,1.0
4617,Kvinnherad,46,NO5,fylke,flere,2.0
4618,Ullensvang,46,NO5,fylke,flere,2.0
4619,Eidfjord,46,NO5,fylke=nve,NO5,1.0
4620,Ulvik,46,NO5,fylke=nve,NO5,1.0
4621,Voss,46,NO5,fylke=nve,NO5,1.0
4622,Kvam,46,NO5,fylke,flere,2.0
4623,Samnanger,46,NO5,fylke=nve,NO5,1.0
4624,Bjørnafjorden,46,NO5,fylke,flere,2.0
4625,Austevoll,46,NO5,fylke,,
4626,Øygarden,46,NO5,fylke,,
4627,Askøy,46,NO5,fylke,,
4628,Vaksdal,46,NO5,fylke=nve,NO5,1.0
4629,Modalen,46,NO5,fylke=nve,NO5,1.0
4630,Osterøy,46,NO5,fylke=nve,NO5,1.0
4631,Alver,46,NO5,fylke=nve,NO5,1.0
4632,Austrheim,46,NO5,fylke,,
4633,Fedje,46,NO5,fylke,,
4634,Masfjorden,46,NO5,fylke=nve,NO5,1.0
4635,Gulen,46,NO5,fylke=nve,NO5,1.0
4636,Solund,46,NO5,fylke,,
4637,Hyllestad,46,NO3,nve,NO3,1.0
4638,Høyanger,46,NO5,fylke,flere,2.0
4639,Vik,46,NO5,fylke=nve,NO5,1.0
4640,Sogndal,46,NO5,fylke=nve,NO5,1.0
4641,Aurland,46,NO5,fylke=nve,NO5,1.0
4642,Lærdal,46,NO5,fylke=nve,NO5,1.0
4643,Årdal,46,NO5,fylke=nve,NO5,1.0
4644,Luster,46,NO5,fylke=nve,NO5,1.0
4645,Askvoll,46,NO3,nve,NO3,1.0
4646,Fjaler,46,NO3,nve,NO3,1.0
4647,Sunnfjord,46,NO3,nve,NO3,1.0
4648,Bremanger,46,NO3,nve,NO3,1.0
4649,Stad,46,NO3,nve,NO3,1.0
4650,Gloppen,46,NO3,nve,NO3,1.0
4651,Stryn,46,NO3,nve,NO3,1.0
5001,Trondheim,50,NO3,fylke=nve,NO3,1.0
5006,Steinkjer,50,NO3,fylke=nve,NO3,1.0
5007,Namsos,50,NO3,fylke=nve,NO3,1.0
5014,Frøya,50,NO3,fylke,,
5020,Osen,50,NO3,fylke=nve,NO3,1.0
5021,Oppdal,50,NO3,fylke=nve,NO3,1.0
5022,Rennebu,50,NO3,fylke=nve,NO3,1.0
5025,Rosse,50,NO3,fylke,,
5026,Holtålen,50,NO3,fylke=nve,NO3,1.0
5027,Midtre Gauldal,50,NO3,fylke=nve,NO3,1.0
5028,Melhus,50,NO3,fylke=nve,NO3,1.0
5029,Skaun,50,NO3,fylke=nve,NO3,1.0
5031,Malvik,50,NO3,fylke,,
5032,Selbu,50,NO3,fylke=nve,NO3,1.0
5033,Tydal,50,NO3,fylke=nve,NO3,1.0
5034,Meråker,50,NO3,fylke=nve,NO3,1.0
5035,Stjørdal,50,NO3,fylke=nve,NO3,1.0
5036,Frosta,50,NO3,fylke,,
5037,Levanger,50,NO3,fylke=nve,NO3,1.0
5038,Verdal,50,NO3,fylke=nve,NO3,1.0
5041,Snåase,50,NO3,fylke=nve,NO3,1.0
5042,Lierne,50,NO4,nve,NO4,1.0
5043,Raarvihke,50,NO3,fylke,,
5044,Namsskogan,50,NO4,nve,NO4,1.0
5045,Grong,50,NO3,fylke,flere,2.0
5046,Høylandet,50,NO3,fylke=nve,NO3,1.0
5047,Overhalla,50,NO3,fylke=nve,NO3,1.0
5049,Flatanger,50,NO3,fylke=nve,NO3,1.0
5052,Leka,50,NO3,fylke,,
5053,Inderøy,50,NO3,fylke=nve,NO3,1.0
5054,Indre Fosen,50,NO3,fylke=nve,NO3,1.0
5055,Heim,50,NO3,fylke=nve,NO3,1.0
5056,Hitra,50,NO3,fylke=nve,NO3,1.0
5057,Ørland,50,NO3,fylke=nve,NO3,1.0
5058,Åfjord,50,NO3,fylke=nve,NO3,1.0
5059,Orkland,50,NO3,fylke=nve,NO3,1.0
5060,Nærøysund,50,NO3,fylke=nve,NO3,1.0
5061,Rindal,50,NO3,fylke=nve,NO3,1.0
5501,Tromsø,55,NO4,fylke=nve,NO4,1.0
5503,Harstad,55,NO4,fylke=nve,NO4,1.0
5510,Kvæfjord,55,NO4,fylke=nve,NO4,1.0
5512,Dielddanuorri,55,NO4,fylke,,
5514,Ibestad,55,NO4,fylke=nve,NO4,1.0
5516,Gratangen,55,NO4,fylke=nve,NO4,1.0
5518,Loabák,55,NO4,fylke,,
5520,Bardu,55,NO4,fylke=nve,NO4,1.0
5522,Salangen,55,NO4,fylke=nve,NO4,1.0
5524,Målselv,55,NO4,fylke=nve,NO4,1.0
5526,Sørreisa,55,NO4,fylke=nve,NO4,1.0
5528,Dyrøy,55,NO4,fylke=nve,NO4,1.0
5530,Senja,55,NO4,fylke=nve,NO4,1.0
5532,Balsfjord,55,NO4,fylke=nve,NO4,1.0
5534,Karlsøy,55,NO4,fylke,,
5536,Lyngen,55,NO4,fylke=nve,NO4,1.0
5538,Storfjord,55,NO4,fylke=nve,NO4,1.0
5540,Gáivuotna,55,NO4,fylke,,
5542,Skjervøy,55,NO4,fylke,,
5544,Nordreisa,55,NO4,fylke=nve,NO4,1.0
5546,Kvænangen,55,NO4,fylke=nve,NO4,1.0
5601,Alta,56,NO4,fylke=nve,NO4,1.0
5603,Hammerfest,56,NO4,fylke=nve,NO4,1.0
5605,Sør-Varanger,56,NO4,fylke=nve,NO4,1.0
5607,Vadsø,56,NO4,fylke,,
5610,Kárášjohka,56,NO4,fylke,,
5612,Guovdageaidnu,56,NO4,fylke,,
5614,Loppa,56,NO4,fylke=nve,NO4,1.0
5616,Hasvik,56,NO4,fylke=nve,NO4,1.0
5618,Måsøy,56,NO4,fylke,,
5620,Nordkapp,56,NO4,fylke=nve,NO4,1.0
5622,Porsanger,56,NO4,fylke=nve,NO4,1.0
5624,Lebesby,56,NO4,fylke=nve,NO4,1.0
5626,Gamvik,56,NO4,fylke,,
5628,Deatnu,56,NO4,fylke,,
5630,Berlevåg,56,NO4,fylke=nve,NO4,1.0
5632,Båtsfjord,56,NO4,fylke,,
5634,Vardø,56,NO4,fylke,,
5636,Unjárga,56,NO4,fylke,,
