modell,term,koef,se,p_t,klustre,n,pst,ki95_lav,ki95_hoy
"E1 K, dose kohort sist",tidlig_post,0.03150075331893146,0.0032136049478535276,3.2077791706769554e-10,27,837,3.200215302211218,0.024893581546144603,0.03810792509171831
"E1 K, dose kohort sist",sent_post,0.019370881389039907,0.0049414083880240335,0.0005756006728775272,27,837,1.9559714227346925,0.009211345743262494,0.02953041703481732
"E1 K, dose kohort sist",sent_dose,0.015443786910016492,0.006350330778402572,0.022209502078353892,27,837,1.556365848241681,0.0023875068296208037,0.02850006699041218
"E4 K, dose kohort sist",tidlig_post,0.02782459358553706,0.003667529188836386,4.712184299777223e-08,27,837,2.8215313041382473,0.02028415357328945,0.03536503359778467
"E4 K, dose kohort sist",sent_dose,0.0372384383598954,0.004489516358826823,8.920488285922994e-09,27,837,3.7940476160368775,0.02800799272614745,0.046468883993643344
"E1 K, dose identisk",tidlig_post,0.03148292855883259,0.003218989119059275,3.35963044819165e-10,27,837,3.19837579952571,0.024864686930046724,0.03810117018761846
"E1 K, dose identisk",sent_post,0.013102164999851978,0.0075618199945257526,0.09500167525035823,27,837,1.3188374462444585,-0.0024449369088929696,0.028649266908596926
"E1 K, dose identisk",sent_dose,0.020923247601493115,0.009153337228789882,0.030657420668667893,27,837,2.114367340355461,0.0021039862591011177,0.03974250894388511
"E4 K, dose identisk",tidlig_post,0.030436195817119194,0.0031945068819297165,5.749941833327327e-10,27,837,3.090411195585263,0.023868289667871696,0.03700410196636669
"E4 K, dose identisk",sent_dose,0.03642033984518202,0.0034289417272504105,5.953529217835695e-11,27,837,3.7091685842850497,0.029370435653955175,0.04347024403640886
"E1 K, dose kohort først",tidlig_post,0.03145780553136194,0.0032256814812398355,3.564897329924236e-10,27,837,3.195783176462985,0.024825804405932836,0.03808980665679104
"E1 K, dose kohort først",sent_post,0.010878942851667826,0.009114329185167549,0.24340868072296257,27,837,1.0938333725033944,-0.007860117953036656,0.029618003656372308
"E1 K, dose kohort først",sent_dose,0.01936316779058218,0.009283502027424518,0.04695670825754232,27,837,1.9551849783439268,0.0002762876221973701,0.03845004795896699
"E4 K, dose kohort først",tidlig_post,0.0310272345075759,0.0031721659720789466,3.354596878115237e-10,27,837,3.151359626883221,0.024505261268981584,0.03754920774617021
"E4 K, dose kohort først",sent_dose,0.030705194690149644,0.0028785407223030092,5.4352204324629007e-11,27,837,3.1181461301829527,0.024786914965094657,0.03662347441520463
E0 K + egd per kohort,tidlig_egd,0.017379246970760587,0.0035617094454425346,4.619169568103888e-05,27,837,1.7531144763927031,0.010056372350930737,0.024702121590590438
E0 K + egd per kohort,sent_egd,0.011287797762164938,0.003628671834204604,0.004490793402460416,27,837,1.1351745333911367,0.003827248471040272,0.018748347053289604
E0 K + egd per kohort,tidlig_post,0.0326086630365315,0.0033379545933952706,3.4408929420017757e-10,27,837,3.3146151842716742,0.025745828392510828,0.03947149768055218
E0 K + egd per kohort,sent_post,0.028802894674000084,0.00290221651803622,2.4821785073476426e-10,27,837,2.9221709400365725,0.022835937512917615,0.03476985183508255
E1 K + egd per kohort,tidlig_egd,0.017384394530049592,0.00356382222377976,4.636867891647967e-05,27,837,1.7536382579304233,0.010057176037958405,0.02471161302214078
E1 K + egd per kohort,sent_egd,0.010340071452463639,0.0036691304157746435,0.009108999921314299,27,837,1.0393714723611058,0.002796339317630972,0.017883803587296306
E1 K + egd per kohort,tidlig_post,0.032647678473511736,0.003337503078925484,3.347674859748473e-10,27,837,3.318646127763536,0.025785772143240942,0.039509584803782534
E1 K + egd per kohort,sent_post,0.0143231914288371,0.005974053777875838,0.02397975658382883,27,837,1.442625983678525,0.002040536861524377,0.026605845996149825
E1 K + egd per kohort,sent_dose,0.02022732141223894,0.005845919292925092,0.0018770069519440625,27,837,2.0433279997600806,0.008208111345984951,0.03224653147849293
E4 K + egd per kohort,tidlig_egd,0.017340623461069505,0.003548897998525996,4.537796831360751e-05,27,837,1.7491844898850584,0.010044089176100057,0.024637157746038953
E4 K + egd per kohort,sent_egd,0.009455528682658386,0.003469519344861808,0.011338796402519743,27,837,0.9500373426135411,0.0023221969096225087,0.016588860455694264
E4 K + egd per kohort,tidlig_post,0.03155987339091631,0.003250524186405193,3.9056650658761935e-10,27,837,3.206316686724109,0.024876795663667232,0.038242951118165384
E4 K + egd per kohort,sent_dose,0.03725334581338457,0.003232205146426473,1.01915074161008e-11,27,837,3.7955949325074068,0.03060793203233174,0.0438987595944374
E1 K + bestilt×egd,bestilt_egd,0.014270872918595,0.00360553587719348,0.0005215110776811325,27,837,1.4373187954453082,0.006857891155085206,0.021683854682104795
E1 K + bestilt×egd,tidlig_post,0.03244048607807032,0.0033284837950049236,3.610193276939289e-10,27,837,3.297241507492399,0.025597123395540197,0.03928384876060044
E1 K + bestilt×egd,sent_post,0.01911034794718484,0.006515410664600711,0.006919029539956336,27,837,1.9294119425488754,0.005714663620765777,0.03250603227360391
E1 K + bestilt×egd,sent_dose,0.013847793394380296,0.006911338893772404,0.05563349168927132,27,837,1.3944118200430955,-0.0003619193712157652,0.028057506159976358
E1 K + dose_lead,tidlig_post,0.031483223022899826,0.0032224166895651486,3.433559001223106e-10,27,837,3.198406187743652,0.02485793430915388,0.03810851173664577
E1 K + dose_lead,sent_post,0.012596815681604211,0.008144892470945242,0.13404866622867243,27,837,1.2676489759339882,-0.004149083238659205,0.029342714601867628
E1 K + dose_lead,sent_dose,0.019831784696255846,0.009600676368491514,0.048960690594248256,27,837,2.0029740981660327,9.279408263729305e-05,0.0395707753098744
E1 K + dose_lead,sent_dose_lead,0.0015598345139247582,0.008139069075770677,0.8495069760031116,27,837,0.15610516885615766,-0.015174091505859752,0.01829376053370927
E4 K + dose_lead,tidlig_post,0.03113965393671751,0.0031718700744079857,3.107140867015414e-10,27,837,3.1629564956921152,0.02461828906373469,0.037661018809700325
E4 K + dose_lead,sent_dose,0.007200707335828572,0.016005628752842553,0.6565212528835273,27,837,0.7226694767412667,-0.025706865380015716,0.040108280051672864
E4 K + dose_lead,sent_dose_lead,0.026982129723312695,0.015007673761174713,0.0838180227350578,27,837,2.7349443580636734,-0.003873647529662516,0.057837906976287906
E1 K + sep 2025 per kohort,tidlig_sep25,0.004922990735145734,0.0025500394314664134,0.06451262297644245,27,837,0.49351285640004683,-0.00031989033594921265,0.01016587180624068
E1 K + sep 2025 per kohort,sent_sep25,0.0035278330158975153,0.0021767220250279965,0.11714674145075565,27,837,0.3534063142919708,-0.0009475074675600456,0.008003173499355077
