modell,utelatt_g,utelatt_status,koef,se,p_t,full_koef,avvik_fra_full,n,klustre,matriserang
D7,NO1|Bestilt sent|Husholdning Høy,Bestilt sent,0.02993273044665301,0.0028408822116508864,1.1054618220667404e-10,0.029880493831513134,5.223661513987718e-05,806,26,330
D7,NO1|Bestilt sent|Husholdning Lav,Bestilt sent,0.030030108946036194,0.003138119063927097,7.734827184948871e-10,0.029880493831513134,0.00014961511452305995,806,26,330
D7,NO1|Bestilt sent|Husholdning Medium,Bestilt sent,0.030572841189787425,0.002729339587130694,3.096586655122142e-11,0.029880493831513134,0.0006923473582742916,806,26,330
D7,NO1|Bestilt tidlig|Husholdning Høy,Bestilt tidlig,0.030184191933614102,0.0027963062103791066,6.707895739401435e-11,0.029880493831513134,0.0003036981021009681,806,26,330
D7,NO1|Bestilt tidlig|Husholdning Lav,Bestilt tidlig,0.02899691545637495,0.0028378006491766683,2.0708106218548124e-10,0.029880493831513134,-0.0008835783751381839,806,26,330
D7,NO1|Bestilt tidlig|Husholdning Medium,Bestilt tidlig,0.029904352195778472,0.002983257648528457,3.05454561643887e-10,0.029880493831513134,2.3858364265338244e-05,806,26,330
D7,NO1|Ikke bestilt|Husholdning Høy,Ikke bestilt,0.03105958421420496,0.003047658929271242,2.1844254011788217e-10,0.029880493831513134,0.0011790903826918268,806,26,330
D7,NO1|Ikke bestilt|Husholdning Lav,Ikke bestilt,0.028668979376007542,0.0033378995750979433,6.282802321182437e-09,0.029880493831513134,-0.001211514455505592,806,26,330
D7,NO1|Ikke bestilt|Husholdning Medium,Ikke bestilt,0.03158310402167075,0.003104865127909024,2.269564382266224e-10,0.029880493831513134,0.0017026101901576156,806,26,330
D7,NO2|Bestilt sent|Husholdning Høy,Bestilt sent,0.029854232292180427,0.002853007106030509,1.2734518010139597e-10,0.029880493831513134,-2.6261539332706613e-05,806,26,330
D7,NO2|Bestilt sent|Husholdning Lav,Bestilt sent,0.02982330244713438,0.0028663989033965785,1.4318841468478886e-10,0.029880493831513134,-5.7191384378752624e-05,806,26,330
D7,NO2|Bestilt sent|Husholdning Medium,Bestilt sent,0.030203881396438703,0.0029001520310497795,1.4036062552828323e-10,0.029880493831513134,0.0003233875649255695,806,26,330
D7,NO2|Bestilt tidlig|Husholdning Høy,Bestilt tidlig,0.02992021065791306,0.0028874955775484218,1.556863922599287e-10,0.029880493831513134,3.9716826399926325e-05,806,26,330
D7,NO2|Bestilt tidlig|Husholdning Lav,Bestilt tidlig,0.028741758432190068,0.0023160525195031665,3.485031110093666e-12,0.029880493831513134,-0.001138735399323066,806,26,330
D7,NO2|Bestilt tidlig|Husholdning Medium,Bestilt tidlig,0.029398529599831136,0.002892489557675024,2.3079085189798264e-10,0.029880493831513134,-0.0004819642316819979,806,26,330
D7,NO2|Ikke bestilt|Husholdning Høy,Ikke bestilt,0.02985194386349832,0.0030671963163315494,5.524582012022919e-10,0.029880493831513134,-2.854996801481338e-05,806,26,330
D7,NO2|Ikke bestilt|Husholdning Lav,Ikke bestilt,0.027738019041002815,0.0022384643830065396,3.5978600204651368e-12,0.029880493831513134,-0.0021424747905103188,806,26,330
D7,NO2|Ikke bestilt|Husholdning Medium,Ikke bestilt,0.029741138547443313,0.003181550451187691,1.2278874764228946e-09,0.029880493831513134,-0.00013935528406982048,806,26,330
D7,NO5|Bestilt sent|Husholdning Høy,Bestilt sent,0.02998652852291883,0.0028504345259253616,1.1415315168535693e-10,0.029880493831513134,0.00010603469140569796,806,26,330
D7,NO5|Bestilt sent|Husholdning Lav,Bestilt sent,0.029816655303427808,0.0029026443834300666,1.859499825628293e-10,0.029880493831513134,-6.383852808532556e-05,806,26,330
D7,NO5|Bestilt sent|Husholdning Medium,Bestilt sent,0.030098023689490105,0.0028940531799347734,1.44460936280059e-10,0.029880493831513134,0.00021752985797697175,806,26,330
D7,NO5|Bestilt tidlig|Husholdning Høy,Bestilt tidlig,0.02998849002506887,0.002845348554532442,1.0988821484366297e-10,0.029880493831513134,0.0001079961935557365,806,26,330
D7,NO5|Bestilt tidlig|Husholdning Lav,Bestilt tidlig,0.02975072911903709,0.0028666386896731223,1.5076929861257145e-10,0.029880493831513134,-0.0001297647124760444,806,26,330
D7,NO5|Bestilt tidlig|Husholdning Medium,Bestilt tidlig,0.029880765365398076,0.0028777226200883835,1.4922756636062023e-10,0.029880493831513134,2.7153388494280395e-07,806,26,330
D7,NO5|Ikke bestilt|Husholdning Høy,Ikke bestilt,0.030458493312892188,0.002945923111777277,1.628546160881103e-10,0.029880493831513134,0.0005779994813790539,806,26,330
D7,NO5|Ikke bestilt|Husholdning Lav,Ikke bestilt,0.029599578094298806,0.002954998650132217,3.099681642584696e-10,0.029880493831513134,-0.0002809157372143274,806,26,330
D7,NO5|Ikke bestilt|Husholdning Medium,Ikke bestilt,0.030248916918523605,0.0030066852072312073,2.83820095850185e-10,0.029880493831513134,0.0003684230870104714,806,26,330
D7_placebo,NO1|Bestilt sent|Husholdning Høy,Bestilt sent,-0.0021880469290778137,0.0011926473741540515,0.07849125712054991,-0.001899285898546231,-0.0002887610305315827,624,26,267
D7_placebo,NO1|Bestilt sent|Husholdning Lav,Bestilt sent,-0.0016493264470227587,0.0013306942765362614,0.2266893094762625,-0.001899285898546231,0.0002499594515234724,624,26,267
D7_placebo,NO1|Bestilt sent|Husholdning Medium,Bestilt sent,-0.0020308402526971747,0.001302268551320974,0.13145742905927885,-0.001899285898546231,-0.0001315543541509437,624,26,267
D7_placebo,NO1|Bestilt tidlig|Husholdning Høy,Bestilt tidlig,-0.0015485541662911828,0.0013272920069768125,0.25433973195736664,-0.001899285898546231,0.0003507317322550482,624,26,267
D7_placebo,NO1|Bestilt tidlig|Husholdning Lav,Bestilt tidlig,-0.0017709838188082472,0.0013614560084804026,0.20518939252765903,-0.001899285898546231,0.00012830207973798385,624,26,267
D7_placebo,NO1|Bestilt tidlig|Husholdning Medium,Bestilt tidlig,-0.0014590194644270582,0.0011751826800845927,0.22593435108555363,-0.001899285898546231,0.0004402664341191728,624,26,267
D7_placebo,NO1|Ikke bestilt|Husholdning Høy,Ikke bestilt,-0.002024310770021742,0.0013678460778910662,0.1513855862068064,-0.001899285898546231,-0.00012502487147551117,624,26,267
D7_placebo,NO1|Ikke bestilt|Husholdning Lav,Ikke bestilt,-0.0012699421672124345,0.0015637592566108173,0.4243951410607031,-0.001899285898546231,0.0006293437313337966,624,26,267
D7_placebo,NO1|Ikke bestilt|Husholdning Medium,Ikke bestilt,-0.0012548985538813895,0.0013736090568672657,0.3696659442118147,-0.001899285898546231,0.0006443873446648415,624,26,267
D7_placebo,NO2|Bestilt sent|Husholdning Høy,Bestilt sent,-0.002073562843968091,0.0012107452930938268,0.09915797546798778,-0.001899285898546231,-0.00017427694542185984,624,26,267
D7_placebo,NO2|Bestilt sent|Husholdning Lav,Bestilt sent,-0.0020918321969460862,0.001164876986716996,0.08463128715281582,-0.001899285898546231,-0.0001925462983998552,624,26,267
D7_placebo,NO2|Bestilt sent|Husholdning Medium,Bestilt sent,-0.0019428914085999338,0.001261634333294468,0.13612836526912622,-0.001899285898546231,-4.360551005370278e-05,624,26,267
D7_placebo,NO2|Bestilt tidlig|Husholdning Høy,Bestilt tidlig,-0.0016129002176725749,0.0013165034744521552,0.2319407020775384,-0.001899285898546231,0.0002863856808736562,624,26,267
D7_placebo,NO2|Bestilt tidlig|Husholdning Lav,Bestilt tidlig,-0.002277292011235943,0.0010586122807589885,0.04131659154426433,-0.001899285898546231,-0.0003780061126897119,624,26,267
D7_placebo,NO2|Bestilt tidlig|Husholdning Medium,Bestilt tidlig,-0.00176218441921705,0.0012746935186309328,0.17906388286854003,-0.001899285898546231,0.0001371014793291811,624,26,267
D7_placebo,NO2|Ikke bestilt|Husholdning Høy,Ikke bestilt,-0.002004783290693979,0.0013040546919123965,0.13677008799765053,-0.001899285898546231,-0.00010549739214774784,624,26,267
D7_placebo,NO2|Ikke bestilt|Husholdning Lav,Ikke bestilt,-0.0029612025474889947,0.000848864375737441,0.001817461759023542,-0.001899285898546231,-0.0010619166489427637,624,26,267
D7_placebo,NO2|Ikke bestilt|Husholdning Medium,Ikke bestilt,-0.0017011115909184582,0.0014056376770791087,0.23751838397632732,-0.001899285898546231,0.00019817430762777283,624,26,267
D7_placebo,NO5|Bestilt sent|Husholdning Høy,Bestilt sent,-0.002000850214468386,0.0012450309991919625,0.12059754333923352,-0.001899285898546231,-0.00010156431592215492,624,26,267
D7_placebo,NO5|Bestilt sent|Husholdning Lav,Bestilt sent,-0.0020073550873931367,0.0012556079881132559,0.12244827398428605,-0.001899285898546231,-0.0001080691888469057,624,26,267
D7_placebo,NO5|Bestilt sent|Husholdning Medium,Bestilt sent,-0.00188809655108102,0.001267472464514603,0.14882382101903496,-0.001899285898546231,1.1189347465211108e-05,624,26,267
D7_placebo,NO5|Bestilt tidlig|Husholdning Høy,Bestilt tidlig,-0.0018147731579958304,0.0012572475199458678,0.16130880850399062,-0.001899285898546231,8.451274055040064e-05,624,26,267
D7_placebo,NO5|Bestilt tidlig|Husholdning Lav,Bestilt tidlig,-0.0018799594284324428,0.0012588943086076034,0.14786224697317774,-0.001899285898546231,1.932647011378824e-05,624,26,267
D7_placebo,NO5|Bestilt tidlig|Husholdning Medium,Bestilt tidlig,-0.0018449005565273069,0.0012578416990193671,0.15491992945531158,-0.001899285898546231,5.438534201892414e-05,624,26,267
D7_placebo,NO5|Ikke bestilt|Husholdning Høy,Ikke bestilt,-0.00192191963231636,0.0012936446048200936,0.14987071177056774,-0.001899285898546231,-2.263373377012906e-05,624,26,267
D7_placebo,NO5|Ikke bestilt|Husholdning Lav,Ikke bestilt,-0.0020128424423901947,0.0012858246979664475,0.13005843043365903,-0.001899285898546231,-0.00011355654384396369,624,26,267
D7_placebo,NO5|Ikke bestilt|Husholdning Medium,Ikke bestilt,-0.0017731415500676917,0.001318495371252922,0.19075729655112741,-0.001899285898546231,0.00012614434847853934,624,26,267
